locationFips,location,year,count_birth,rate_fertility,rate_birth,count_crudeDeathDup,rate_deathCrudeTenThousand,rate_naturalIncrease,count_pregnancies,rate_pregnancy,count_abortions,rate_abortion,count_fetalDeaths,rate_fetalDeaths,count_noPreviousBirths,percent_noPreviousBirths,count_fourPlusBirths,percent_fourPlusBirths,count_liveBirthWithInOneYr,percent_liveBirthWithInOneYr,count_birth15To17Yr,count_birth18To19Yr,count_birth15To19Yr,count_pregnancy15To17Yr,count_pregnancy18To19Yr,count_pregnancy15To19Yr,rate_birth15To17Yr,rates_birth18To19Yr,rate_birth15To19Yr,rate_pregnancy15To17Yr,rates_pregnancy18To19Yr,rate_pregnancy15To19Yr,count_birthMotherWhite,count_birthMotherAfricanAmerican,count_birthMotherAmericanIndian,count_birthMotherAsianPacificIslander,count_birthMotherOtherUnknown,count_birthMotherHispanic,count_birthMotherLeHighSchool,count_birthMotherHighSchoolGED,count_birthMotherSomeCollegeNoDegree,count_birthMotherAssociateDegree,count_birthMotherBachelorDegree,count_birthMotherGraduateDegree,count_birthToUnmarriedMothers,count_birthToForeignBornMothers,count_birthWithNoFatherDocumented,count_birthOnMedicaid,count_birthForMothersSmoked,percent_birthToUnmarriedMothers,percent_birthToForeignBornMothers,percent_birthWithNoFatherDocumented,percent_birthOnMedicaid,percent_birthForMothersSmoked,count_firstTrimesterPNC,count_adequacyPNCInadequate,count_adequacyPNCIntermediate,count_adequacyPNCAdequate,count_adequacyPNCIntensive,count_birthOutOfState,percent_firstTrimesterPNC,percent_adequacyPNCInadequate,percent_adequacyPNCIntermediate,percent_adequacyPNCAdequate,percent_adequacyPNCIntensive,percent_birthOutOfState,count_birthVaginal,count_birthVBAC,count_birthTotalCesarean,count_birthFirstTimeCesarean,count_birthRepeatCesarean,percent_birthVaginal,percent_birthVBAC,percent_birthTotalCesarean,percent_birthFirstTimeCesarean,percent_birthRepeatCesarean,count_birthSingleton,count_birthPreterm,percent_birthPreterm,count_birthLowBirthWeight,percent_birthLowBirthWeight,count_birthVeryLowBirthWeight,percent_birthVeryLowBirthWeight,count_crudeDeath,rate_crudeDeathOneHundredThousand,rate_ageAdjustedDeath,count_crudeDeathPrematureLe75Yrs,rate_ageAdjustedDeathPrematureLe75Yrs,count_crudeDeathLe1Yrs,count_crudeDeath1To4Yrs,count_crudeDeath5To9Yrs,count_crudeDeath10To14Yrs,count_crudeDeath15To19Yrs,count_crudeDeath20To34Yrs,count_crudeDeath35To49Yrs,count_crudeDeath50To64Yrs,count_crudeDeath65To79Yrs,count_crudeDeath80PlusYrs,rate_crudeDeathLe1Yrs,rate_crudeDeath1To4Yrs,rate_crudeDeath5To9Yrs,rate_crudeDeath10To14Yrs,rate_crudeDeath15To19Yrs,rate_crudeDeath20To34Yrs,rate_crudeDeath35To49Yrs,rate_crudeDeath50To64Yrs,rate_crudeDeath65To79Yrs,rate_crudeDeath80PlusYrs,count_crudeDeathCancer,count_crudeDeathHeartDisease,cound_crudeDeathCOVID19,count_crudeDeathUnintentInjury,count_crudeDeathChonicLowerRespiratoryDisease,count_crudeDeathStroke,count_crudeDeathAlzheimer,count_crudeDeathDiabetes,count_crudeDeathInfluenzaPneumonia,count_crudeDeathSuicide,count_crudeDeathNephritis,count_crudeDeathParkinson,count_crudeDeathChronicLiverDisease,count_crudeDeathHypertension,rate_crudeDeathCancer,rate_crudeDeathHeartDisease,rate_crudeDeathRateCOVID19,rate_crudeDeathUnintentInjury,rate_crudeDeathAlzheimer,rate_crudeDeathChonicLowerRespiratoryDisease,rate_crudeDeathStroke,rate_crudeDeathDiabetes,rate_crudeDeathSuicide,rate_crudeDeathInfluenzaPneumonia,rate_crudeDeathParkinson,rate_crudeDeathChronicLiverDisease,rate_crudeDeathChronicHypertension
27001,Aitkin,2015,99,51.5,6.3,194,12.4,-6.1,106,55.2,6,blank,blank,blank,blank,blank,blank,10.10%,blank,1.40%,blank,blank,blank,blank,blank,blank,blank,blank,blank,blank,blank,blank,blank,blank,blank,blank,blank,blank,blank,blank,blank,blank,blank,blank,blank,blank,blank,blank,blank,41.40%,blank,20.20%,blank,26.30%,blank,blank,blank,blank,blank,blank,blank,blank,blank,blank,blank,blank,blank,blank,blank,blank,blank,blank,blank,31.3,12.1,19.2,blank,7,7.8,1,1.1,blank,blank,194,1,235.50,653.5,64,249.1,blank,blank,blank,blank,blank,blank,blank,blank,blank,blank,blank,blank,blank,blank,blank,blank,blank,blank,blank,blank,44,35,blank,10,13,10,3,6,9,1,5,blank,blank,blank,blank,blank,blank,blank,blank,blank,blank,blank,blank,blank,blank,blank,blank
27001,Aitkin,2016,124,65.1,8,251,12.4,-4.4,135,70.9,11,blank,blank,blank,blank,blank,blank,8.30%,blank,1.30%,blank,blank,blank,blank,blank,blank,4,20.8,9.8,4,28.7,12.4,blank,blank,blank,blank,blank,blank,blank,blank,blank,blank,blank,blank,blank,blank,blank,blank,blank,38.70%,3%,15%,blank,22%,blank,blank,blank,blank,blank,blank,blank,blank,blank,blank,blank,blank,blank,blank,blank,blank,blank,blank,blank,27.40%,16.10%,11.30%,blank,11,9.1,8,6.6,blank,blank,251,1,610.70,898.9,102,447.8,blank,blank,blank,blank,blank,blank,blank,blank,blank,blank,blank,blank,blank,blank,blank,blank,blank,blank,blank,blank,69,49,blank,19,11,18,0,8,blank,5,blank,2,6,blank,blank,blank,blank,blank,blank,blank,blank,blank,blank,blank,blank,blank,blank
27001,Aitkin,2017,121,63.7,7.6,229,14.5,-6.8,130,68.4,9,NA,0,NA,43,35.50%,14,NA,1,NA,2,6,8,2,7,9,NA,NA,NA,NA,NA,NA,108,1,8,0,0,4,8,20,20,14,18,5,61,1,27,82,41,50.40%,NA,22.30%,67.80%,33.90%,98,16,9,62,33,0,81.00%,NA,NA,51.20%,27.30%,NA,92,2,27,16,11,76.00%,NA,22.30%,NA,NA,119,7,NA,7,NA,1,NA,229,1446.7,738.3,92,355.9,2,0,0,0,1,2,5,39,73,107,NA,NA,NA,NA,NA,NA,NA,1,000.80,1,827.30,9,427.30,56,44,blank,20,12,7,6,9,2,4,blank,4,blank,blank,353.8,278,blank,126.4,NA,NA,NA,NA,NA,NA,NA,blank,blank
27001,Aitkin,2018,122,64,7.7,203,12.8,-5.1,130,68.2,7,NA,1,NA,41,33.60%,12,NA,4,NA,0,3,3,1,3,4,NA,NA,NA,NA,NA,NA,111,2,7,2,0,0,4,18,23,19,21,5,55,1,22,72,22,45.10%,NA,18.00%,59.00%,18.00%,99,17,4,72,28,0,81.10%,NA,NA,59.00%,23.00%,NA,86,3,33,blank,blank,70.50%,NA,27.00%,blank,blank,122,5,NA,5,NA,1,NA,203,1,276.60,680.4,87,359.4,0,0,1,0,0,4,7,31,65,95,NA,NA,NA,NA,NA,NA,NA,795.5,1,627.00,8,370.00,50,44,blank,12,17,9,2,9,6,5,blank,1,blank,blank,314.4,276.7,blank,NA,NA,NA,NA,NA,NA,NA,NA,blank,blank
27001,Aitkin,2019,109,57.1,6.9,253,15.9,-9.1,116,60.7,7,NA,0,NA,31,28.40%,8,NA,2,NA,2,2,4,2,2,4,NA,NA,NA,NA,NA,NA,101,0,4,1,0,3,9,12,19,22,14,7,43,2,19,60,26,39.40%,NA,NA,55.00%,23.90%,88,12,6,71,19,0,80.70%,NA,NA,65.10%,NA,NA,77,3,29,blank,blank,70.60%,NA,26.60%,blank,blank,107,9,NA,3,NA,0,NA,253,1,592.60,756.7,95,339.8,1,0,0,0,0,1,7,29,107,108,NA,NA,NA,NA,NA,NA,NA,763.4,2,595.20,8,640.00,55,52,blank,13,17,13,9,15,6,5,blank,2,blank,blank,346.2,327.3,blank,NA,NA,NA,NA,NA,NA,NA,NA,blank,blank
27001,Aitkin,2020,106,55.1,6.7,270,17,-10.3,116,60.3,10,NA,0,NA,38,35.80%,9,NA,2,NA,0,5,5,0,6,6,NA,NA,NA,NA,NA,NA,97,0,4,0,1,4,9,29,19,23,19,5,46,4,18,*,21,43.40%,NA,NA,*,19.80%,97,5,18,55,26,0,91.50%,NA,NA,51.90%,24.50%,NA,71,1,34,blank,blank,67.00%,NA,32.10%,blank,blank,104,9,NA,5,NA,1,NA,270,1,703.70,797.7,95,318.2,1,0,0,0,0,2,2,36,92,137,NA,NA,NA,NA,NA,NA,NA,948.9,2,198.90,11,102.10,53,59,29,14,16,10,5,11,blank,blank,blank,blank,6,5,334.4,372.3,183,NA,NA,NA,NA,NA,blank,blank,blank,NA,NA
27003,Anoka,2015,4305,65.9,12.5,2037,5.9,6.6,4888,74.9,541,8.3,blank,blank,blank,blank,blank,5.00%,blank,1.50%,blank,blank,blank,blank,blank,blank,blank,blank,blank,blank,blank,blank,blank,blank,blank,blank,blank,blank,blank,blank,blank,blank,blank,blank,blank,blank,blank,blank,blank,31.60%,blank,8.20%,blank,9.60%,blank,blank,blank,blank,blank,blank,blank,blank,blank,blank,blank,blank,blank,blank,blank,blank,blank,blank,blank,26.1,15.5,10.6,blank,330,8.3,208,5,blank,blank,2,037,591.9,630.9,962,234.5,blank,blank,blank,blank,blank,blank,blank,blank,blank,blank,blank,blank,blank,blank,blank,blank,blank,blank,blank,blank,535,344,blank,119,133,90,83,60,17,55,34,blank,blank,blank,blank,blank,blank,blank,blank,blank,blank,blank,blank,blank,blank,blank,blank
27003,Anoka,2016,4269,65.7,12.3,2104,5.9,6.4,4838,74.5,553,8.5,blank,blank,blank,blank,blank,4.60%,blank,1.40%,blank,blank,blank,blank,blank,blank,4.3,24.6,11.1,7.3,34.2,16.4,blank,blank,blank,blank,blank,blank,blank,blank,blank,blank,blank,blank,blank,blank,blank,blank,blank,32.00%,18%,8%,blank,8%,blank,blank,blank,blank,blank,blank,blank,blank,blank,blank,blank,blank,blank,blank,blank,blank,blank,blank,blank,25.10%,15.90%,9.20%,blank,253,6.1,179,4.3,blank,blank,2,104,608.2,621.8,1,027,246.1,blank,blank,blank,blank,blank,blank,blank,blank,blank,blank,blank,blank,blank,blank,blank,blank,blank,blank,blank,blank,597,328,blank,134,122,94,94,68,blank,53,blank,26,37,blank,blank,blank,blank,blank,blank,blank,blank,blank,blank,blank,blank,blank,blank
27003,Anoka,2017,4213,64,12,2263,6.4,5.5,4,858,73.8,619,9.4,26,6.1,1,562,37.10%,242,5.70%,49,1.80%,19,80,99,35,119,154,NA,22.6,9.3,4.9,33.6,14.4,3041,533,32,318,30,259,181,405,711,603,1172,478,1283,847,349,1733,312,30.50%,20.10%,8.30%,41.10%,7.40%,3,557,369,443,2,171,1,167,10,84.40%,8.80%,10.50%,51.50%,27.70%,NA,3073,57,1083,716,367,72.90%,1.40%,25.70%,17.00%,8.70%,4,067,263,6.50%,183,4.50%,33,0.80%,2,263,644,637.6,1,072,247.4,19,4,2,0,8,78,101,379,746,926,NA,NA,NA,NA,NA,117.7,143,504.8,1,987.40,9,218.50,579,375,blank,145,155,97,92,74,19,48,blank,33,blank,blank,164.8,106.7,blank,41.3,26.2,44.1,27.6,21.1,13.7,NA,9.4,blank,blank
27003,Anoka,2018,4241,63.9,12,2240,6.3,5.7,4,856,73.1,580,8.7,35,8.2,1,595,37.60%,209,4.90%,54,2.00%,18,62,80,28,90,118,NA,17.6,7.4,3.8,25.5,10.9,3117,504,26,350,12,232,169,424,735,578,1261,482,1,239,834,295,1,666,259,29.20%,19.70%,7.00%,39.30%,6.10%,3,629,325,464,2,180,1,221,12,85.60%,7.70%,10.90%,51.40%,28.80%,NA,3053,73,1115,blank,blank,72.00%,1.70%,26.30%,blank,blank,4,077,300,7.40%,182,4.50%,34,0.80%,2,240,633.1,611.3,1,036,238.7,18,3,4,2,5,73,116,371,696,952,NA,NA,NA,NA,NA,110.1,164.2,494.1,1,854.20,9,477.40,576,341,blank,161,146,98,94,56,29,49,blank,32,blank,blank,162.8,96.4,blank,45.5,26.6,41.3,27.7,15.8,13.8,8.2,9,blank,blank
27003,Anoka,2019,4186,62.3,11.7,2316,6.5,5.2,4,839,72,622,9.3,31,7.4,1,483,35.40%,236,5.60%,48,1.80%,14,75,89,34,110,144,NA,20.9,8.1,4.6,30.6,13.2,2940,574,21,372,11,268,188,474,726,532,1187,513,1,272,869,330,1,707,249,30.40%,20.80%,7.90%,40.80%,5.90%,3,584,334,481,2,116,1,198,11,85.60%,8.00%,11.50%,50.50%,28.60%,NA,2988,76,1120,blank,blank,71.40%,1.80%,26.80%,blank,blank,4,046,337,8.30%,199,4.90%,34,0.80%,2,316,648.9,611.3,1,029,233.2,20,3,4,3,14,49,118,370,752,983,478.4,NA,NA,NA,NA,72.9,166.2,495.9,1,844.00,8,936.40,551,347,blank,131,174,110,122,80,18,37,blank,46,blank,blank,154.4,97.2,blank,36.7,34.2,48.8,30.8,22.4,10.4,NA,12.9,blank,blank
27003,Anoka,2020,3995,58.8,11.1,2754,7.7,3.4,4,574,67.4,553,8.1,26,6.5,1,369,34.30%,226,5.70%,42,1.60%,17,56,73,26,98,124,NA,15.4,6.6,3.5,26.9,11.2,2683,601,24,386,12,289,273,650,802,530,1233,494,1228,894,304,*,205,30.70%,22.40%,7.60%,*,5.10%,3,402,330,708,1,913,1,000,5,85.20%,8.30%,17.70%,47.90%,25.00%,NA,2846,62,1087,blank,blank,71.20%,1.60%,27.20%,blank,blank,3,852,265,6.90%,217,5.60%,28,0.70%,2,754,765.2,710.1,1,255,283.2,16,7,0,3,17,80,152,420,911,1148,NA,NA,NA,NA,NA,119.3,212,563.3,2,148.70,10,117.20,580,367,331,160,145,134,101,92,blank,blank,blank,blank,40,40,161.1,102,92,44.5,28.1,40.3,37.2,25.6,blank,blank,blank,11.1,11.1
27005,Becker,2015,395,74.3,11.8,364,10.9,0.9,403,75.8,blank,blank,blank,blank,blank,blank,blank,14.50%,blank,3.40%,blank,blank,blank,blank,blank,blank,blank,blank,blank,blank,blank,blank,blank,blank,blank,blank,blank,blank,blank,blank,blank,blank,blank,blank,blank,blank,blank,blank,blank,42.30%,blank,24.80%,blank,26.50%,blank,blank,blank,blank,blank,blank,blank,blank,blank,blank,blank,blank,blank,blank,blank,blank,blank,blank,blank,23.4,11.7,11.7,blank,22,6.1,17,4.5,blank,blank,364,1,090.30,768.8,134,291.3,blank,blank,blank,blank,blank,blank,blank,blank,blank,blank,blank,blank,blank,blank,blank,blank,blank,blank,blank,blank,65,54,blank,26,24,23,16,11,6,6,5,blank,blank,blank,blank,blank,blank,blank,blank,blank,blank,blank,blank,blank,blank,blank,blank
27005,Becker,2016,448,82.1,13.3,331,10.9,2.4,456,83.5,blank,blank,blank,blank,blank,blank,blank,13.30%,blank,2.20%,blank,blank,blank,blank,blank,blank,4.2,46.4,17.7,5.6,46.4,18.6,blank,blank,blank,blank,blank,blank,blank,blank,blank,blank,blank,blank,blank,blank,blank,blank,blank,39..5%,2%,21%,blank,21%,blank,blank,blank,blank,blank,blank,blank,blank,blank,blank,blank,blank,blank,blank,blank,blank,blank,blank,blank,27.30%,14.10%,13.20%,blank,35,8.1,21,4.8,blank,blank,331,981.2,704.3,129,290.7,blank,blank,blank,blank,blank,blank,blank,blank,blank,blank,blank,blank,blank,blank,blank,blank,blank,blank,blank,blank,77,43,blank,29,19,18,28,9,blank,5,blank,6,3,blank,blank,blank,blank,blank,blank,blank,blank,blank,blank,blank,blank,blank,blank
27005,Becker,2017,399,71.5,11.7,367,10.8,0.9,410,73.5,8,NA,3,NA,131,32.80%,47,11.80%,8,NA,2,13,15,2,14,16,NA,NA,NA,NA,NA,NA,325,3,54,3,2,12,22,54,61,62,69,17,177,10,104,231,81,44.40%,NA,26.10%,57.90%,20.30%,211,62,18,116,105,64,52.90%,15.50%,NA,29.10%,26.30%,16.00%,301,4,93,46,47,75.40%,NA,23.30%,11.50%,11.80%,387,27,7.00%,27,7.00%,5,NA,367,1076.3,753.6,137,286.3,1,0,0,1,2,9,10,52,116,176,NA,NA,NA,NA,NA,NA,NA,717,2,212.90,10,718.60,74,63,blank,16,27,22,21,11,5,7,blank,1,blank,blank,217,184.8,blank,NA,61.6,79.2,64.5,NA,NA,NA,NA,blank,blank
27005,Becker,2018,431,76.3,12.5,359,10.4,2.1,436,77.2,5,NA,0,NA,141,32.70%,52,12.10%,6,NA,5,21,26,5,22,27,NA,61.6,25.1,NA,64.5,26.1,352,3,67,2,2,5,29,56,76,70,68,34,171,9,88,241,71,39.70%,NA,20.40%,55.90%,16.50%,250,68,17,165,101,63,58.00%,15.80%,NA,38.30%,23.40%,14.60%,307,9,115,blank,blank,71.20%,NA,26.70%,blank,blank,415,29,7.00%,16,NA,3,NA,359,1,044.50,742.7,144,309.7,0,0,0,0,0,8,12,67,97,175,NA,NA,NA,NA,NA,NA,NA,923.9,1,850.40,10,657.70,80,66,blank,18,25,17,21,14,4,4,blank,12,blank,blank,232.8,192,blank,NA,61.1,72.7,NA,NA,NA,NA,NA,blank,blank
27005,Becker,2019,374,66.3,10.9,405,11.8,-0.9,385,68.2,10,NA,1,NA,116,31.00%,50,13.40%,5,NA,2,14,16,4,15,19,NA,NA,NA,NA,NA,NA,302,9,51,2,3,7,22,53,56,56,67,37,140,5,75,202,77,37.40%,NA,20.10%,54.00%,20.60%,240,47,29,123,120,48,64.20%,12.60%,7.80%,32.90%,32.10%,12.80%,267,10,97,blank,blank,71.40%,NA,25.90%,blank,blank,362,26,7.20%,21,5.80%,0,NA,405,1,176.50,835.8,174,376.7,2,2,1,1,1,14,13,50,140,181,NA,NA,NA,NA,NA,NA,NA,700.3,2,509.90,10,672.20,72,54,blank,15,19,16,22,17,3,10,blank,3,blank,blank,209.2,156.9,blank,NA,63.9,NA,NA,NA,NA,NA,NA,blank,blank
27005,Becker,2020,362,64.1,10.5,444,12.9,-2.4,366,64.8,3,NA,1,NA,103,28.50%,49,13.50%,4,NA,2,16,18,2,16,18,NA,NA,NA,NA,NA,NA,307,6,38,3,1,7,38,79,70,68,75,28,128,10,78,*,43,35.40%,NA,21.50%,*,11.90%,240,35,30,131,112,48,66.30%,9.70%,8.30%,36.20%,30.90%,13.30%,264,5,93,blank,blank,72.90%,NA,25.70%,blank,blank,348,27,7.80%,13,NA,3,NA,444,1,288.60,864.7,176,343,0,2,0,0,1,8,12,60,157,204,NA,NA,NA,NA,NA,NA,NA,854.8,2,708.30,11,690.50,78,66,40,20,19,16,15,16,blank,blank,blank,blank,10,6,226.4,191.5,116.1,58,NA,NA,NA,NA,blank,blank,blank,NA,NA
27007,Beltrami,2015,671,74.3,14.7,413,9,5.6,713,79,39,4.3,blank,blank,blank,blank,blank,10.90%,blank,2.00%,blank,blank,blank,blank,blank,blank,blank,blank,blank,blank,blank,blank,blank,blank,blank,blank,blank,blank,blank,blank,blank,blank,blank,blank,blank,blank,blank,blank,blank,60.90%,blank,36.40%,blank,26.10%,blank,blank,blank,blank,blank,blank,blank,blank,blank,blank,blank,blank,blank,blank,blank,blank,blank,blank,blank,30.5,12.8,17.7,blank,71,11.6,37,5.7,blank,blank,413,904.3,797.1,190,377,blank,blank,blank,blank,blank,blank,blank,blank,blank,blank,blank,blank,blank,blank,blank,blank,blank,blank,blank,blank,92,67,blank,25,24,18,20,9,11,8,10,blank,blank,blank,blank,blank,blank,blank,blank,blank,blank,blank,blank,blank,blank,blank,blank
27007,Beltrami,2016,682,74.6,14.8,389,9,5.7,720,78.8,36,3.9,blank,blank,blank,blank,blank,11.30%,blank,3.40%,blank,blank,blank,blank,blank,blank,19.4,42.9,31.3,20.6,49.3,35.1,blank,blank,blank,blank,blank,blank,blank,blank,blank,blank,blank,blank,blank,blank,blank,blank,blank,56.20%,2%,34%,blank,25%,blank,blank,blank,blank,blank,blank,blank,blank,blank,blank,blank,blank,blank,blank,blank,blank,blank,blank,blank,26.50%,12.60%,13.90%,blank,62,9.4,36,5.5,blank,blank,389,843.7,740.7,172,354.4,blank,blank,blank,blank,blank,blank,blank,blank,blank,blank,blank,blank,blank,blank,blank,blank,blank,blank,blank,blank,74,76,blank,19,20,13,19,15,blank,8,blank,6,5,blank,blank,blank,blank,blank,blank,blank,blank,blank,blank,blank,blank,blank,blank
27007,Beltrami,2017,660,71.4,14.2,424,9.1,5.1,690,74.6,27,2.9,3,NA,219,33.20%,64,9.70%,7,NA,17,36,53,18,39,57,NA,39.6,30.4,NA,42.9,32.7,367,13,264,4,1,11,13,179,13,89,96,43,379,16,231,448,133,57.40%,NA,35.00%,67.90%,20.20%,502,134,65,342,105,8,76.10%,20.30%,9.80%,51.80%,15.90%,NA,486,15,159,63,96,73.60%,NA,24.10%,9.50%,14.50%,641,46,7.20%,26,4.10%,2,NA,424,911.6,776.2,174,332,4,1,0,1,4,14,19,63,114,204,NA,NA,NA,NA,NA,NA,NA,770.5,2,122.90,10,914.90,96,78,blank,33,23,21,25,22,7,8,blank,4,blank,blank,206.4,167.7,blank,70.9,53.7,49.4,45.1,47.3,NA,NA,NA,blank,blank
27007,Beltrami,2018,641,69.4,13.7,431,9.2,4.5,685,74.2,38,4.1,6,NA,193,30.10%,75,11.70%,24,5.40%,16,39,55,17,40,57,NA,43.1,31.8,NA,44.2,32.9,332,6,281,8,2,12,27,177,7,80,84,38,389,14,244,455,129,60.70%,NA,38.10%,71.00%,20.10%,477,120,53,327,113,22,74.40%,18.70%,8.30%,51.00%,17.60%,3.40%,452,22,167,blank,blank,70.50%,3.40%,26.10%,blank,blank,629,56,8.90%,41,6.50%,6,NA,431,920,776.4,196,376.8,8,1,0,0,2,21,27,63,105,204,NA,NA,NA,NA,NA,202.8,378.1,770.5,1,955.30,10,914.90,79,73,blank,32,22,28,17,14,14,4,blank,1,blank,blank,168.6,155.8,blank,68.3,NA,47,59.8,NA,NA,NA,NA,blank,blank
27007,Beltrami,2019,671,71.7,14.2,405,8.6,5.6,713,76.2,39,4.2,3,NA,217,32.30%,81,12.10%,21,4.60%,14,32,46,15,35,50,NA,38.3,27.1,NA,41.9,29.4,400,4,257,2,2,6,48,146,53,64,114,44,374,11,217,435,147,55.70%,NA,32.30%,64.80%,21.90%,498,111,82,310,137,31,74.20%,16.50%,12.20%,46.20%,20.40%,4.60%,473,12,186,blank,blank,70.50%,NA,27.70%,blank,blank,649,63,9.70%,37,5.70%,7,NA,405,858.3,738.6,192,377.4,5,1,1,0,4,28,28,70,96,172,NA,NA,NA,NA,NA,271.4,376.9,865.5,1,660.60,8,634.50,79,62,blank,33,16,18,23,9,2,14,blank,3,blank,blank,167.4,131.4,blank,69.9,48.7,NA,NA,NA,NA,NA,NA,blank,blank
27007,Beltrami,2020,595,63.4,12.5,557,11.7,0.8,654,69.7,53,5.6,6,NA,193,32.40%,62,10.40%,8,NA,5,36,41,8,38,46,NA,42.5,23.5,NA,44.9,26.4,327,18,230,5,1,14,124,130,129,68,90,53,347,14,189,*,119,58.30%,NA,31.80%,*,20.00%,441,118,65,281,116,14,74.10%,19.80%,10.90%,47.20%,19.50%,NA,420,12,163,blank,blank,70.60%,NA,27.40%,blank,blank,587,43,7.30%,23,3.90%,3,NA,557,1,174.10,1,017.00,257,491.2,3,1,1,1,3,24,40,98,143,243,NA,NA,NA,NA,NA,234.7,531.6,1,211.10,2,367.20,12,487.20,90,86,41,47,19,25,23,19,blank,blank,blank,blank,19,11,189.7,181.3,86.4,99.1,48.5,NA,52.7,NA,blank,blank,blank,NA,NA
27009,Benton,2015,584,74.6,14.7,361,9.1,5.6,648,82.8,63,8.1,blank,blank,blank,blank,blank,4.50%,blank,4.40%,blank,blank,blank,blank,blank,blank,blank,blank,blank,blank,blank,blank,blank,blank,blank,blank,blank,blank,blank,blank,blank,blank,blank,blank,blank,blank,blank,blank,blank,34.80%,blank,11.50%,blank,17.70%,blank,blank,blank,blank,blank,blank,blank,blank,blank,blank,blank,blank,blank,blank,blank,blank,blank,blank,blank,30.3,16.6,13.7,blank,57,10.4,22,3.9,blank,blank,361,909.1,747.1,125,286.3,blank,blank,blank,blank,blank,blank,blank,blank,blank,blank,blank,blank,blank,blank,blank,blank,blank,blank,blank,blank,67,61,blank,27,13,21,35,14,2,5,6,blank,blank,blank,blank,blank,blank,blank,blank,blank,blank,blank,blank,blank,blank,blank,blank
27009,Benton,2016,612,78.5,15.3,350,9.1,6.2,685,87.8,68,8.7,blank,blank,blank,blank,blank,6.70%,blank,3.50%,blank,blank,blank,blank,blank,blank,3.6,27,11.6,5.3,38.8,16.9,blank,blank,blank,blank,blank,blank,blank,blank,blank,blank,blank,blank,blank,blank,blank,blank,blank,32.40%,11%,11%,blank,18%,blank,blank,blank,blank,blank,blank,blank,blank,blank,blank,blank,blank,blank,blank,blank,blank,blank,blank,blank,23.00%,11.10%,11.90%,blank,44,7.4,31,5.2,blank,blank,350,875.2,700.2,121,261,blank,blank,blank,blank,blank,blank,blank,blank,blank,blank,blank,blank,blank,blank,blank,blank,blank,blank,blank,blank,69,51,blank,23,18,21,33,10,blank,6,blank,10,3,blank,blank,blank,blank,blank,blank,blank,blank,blank,blank,blank,blank,blank,blank
27009,Benton,2017,528,66.5,13.2,367,9.2,4,623,78.5,89,11.2,6,NA,165,31.30%,30,5.70%,19,NA,2,11,13,3,20,23,NA,NA,NA,NA,52.9,19.6,458,41,7,7,0,15,17,65,74,85,136,34,185,43,58,254,82,35.00%,8.10%,11.00%,48.10%,15.50%,412,54,27,263,183,0,78.00%,10.20%,5.10%,49.80%,34.70%,NA,362,14,152,95,57,68.60%,NA,28.80%,18.00%,10.80%,503,43,8.50%,28,5.60%,6,NA,367,918.9,782.3,124,277.5,6,1,0,0,0,7,13,56,69,215,NA,NA,NA,NA,NA,NA,NA,766.5,1,792.20,13,166.00,62,66,blank,20,13,19,33,8,5,10,blank,10,blank,blank,155.2,165.3,blank,50.1,82.6,NA,NA,NA,NA,NA,NA,blank,blank
27009,Benton,2018,558,68.6,13.8,393,9.7,4.1,633,77.8,73,9,2,NA,191,34.20%,43,7.70%,4,NA,0,10,10,2,14,16,NA,NA,NA,NA,NA,NA,479,57,3,7,0,12,22,91,67,106,126,50,187,57,56,249,75,33.50%,10.20%,10.00%,44.60%,13.40%,466,37,26,290,204,1,83.50%,6.60%,4.70%,52.00%,36.60%,NA,387,11,160,blank,blank,69.40%,NA,28.70%,blank,blank,530,40,7.50%,19,NA,7,NA,393,969.3,837.1,133,295.8,5,1,0,0,1,7,18,51,95,215,NA,NA,NA,NA,NA,NA,NA,698.1,2,467.50,13,166.00,65,65,blank,24,21,19,25,19,5,5,blank,8,blank,blank,160.3,160.3,blank,59.2,61.7,51.8,NA,NA,NA,NA,NA,blank,blank
27009,Benton,2019,523,64.3,12.8,393,9.6,3.2,579,71.1,55,6.8,1,NA,178,34.00%,34,6.50%,5,NA,1,13,14,3,17,20,NA,NA,NA,NA,NA,15.9,448,58,2,7,0,8,21,76,69,89,117,40,178,49,46,253,76,34.00%,9.40%,8.80%,48.40%,14.50%,459,41,22,270,187,2,87.80%,7.80%,4.20%,51.60%,35.80%,NA,358,12,153,blank,blank,68.50%,NA,29.30%,blank,blank,507,50,9.90%,25,4.90%,2,NA,393,961.1,784,128,260.7,2,0,0,0,0,7,6,58,90,230,NA,NA,NA,NA,NA,NA,NA,783.8,2,172.30,13,411.10,81,63,blank,16,19,21,30,14,3,5,blank,10,blank,blank,198.1,154.1,blank,NA,73.4,NA,51.4,NA,NA,NA,NA,blank,blank
27009,Benton,2020,486,59.5,11.9,488,11.9,0,536,65.6,47,5.8,3,NA,161,33.10%,36,7.40%,2,NA,0,12,12,0,14,14,NA,NA,NA,NA,NA,NA,404,58,0,7,2,15,29,106,88,96,111,55,169,51,45,*,59,34.80%,10.50%,9.30%,*,12.10%,389,41,62,239,138,2,80.00%,8.40%,12.80%,49.20%,28.40%,NA,327,14,145,blank,blank,67.30%,NA,29.80%,blank,blank,467,34,7.30%,24,5.10%,2,NA,488,1,191.50,1,008.40,155,332.2,4,0,0,0,2,3,22,59,122,276,NA,NA,NA,NA,NA,NA,269.7,802.1,2,877.40,16,586.50,75,59,72,24,26,24,28,20,blank,blank,blank,blank,2,2,183.1,144.1,175.8,58.6,68.4,63.5,58.6,48.8,blank,blank,blank,NA,NA
27011,Big Stone,2015,55,80.4,10.9,78,15.5,-4.6,55,80.4,blank,blank,blank,blank,blank,blank,blank,7.30%,blank,0.00%,blank,blank,blank,blank,blank,blank,blank,blank,blank,blank,blank,blank,blank,blank,blank,blank,blank,blank,blank,blank,blank,blank,blank,blank,blank,blank,blank,blank,blank,21.80%,blank,3.60%,blank,14.80%,blank,blank,blank,blank,blank,blank,blank,blank,blank,blank,blank,blank,blank,blank,blank,blank,blank,blank,blank,29.1,16.4,12.7,blank,8,15.1,3,5.5,blank,blank,78,1,547.60,760.9,27,370.9,blank,blank,blank,blank,blank,blank,blank,blank,blank,blank,blank,blank,blank,blank,blank,blank,blank,blank,blank,blank,18,16,blank,7,3,4,1,3,3,0,1,blank,blank,blank,blank,blank,blank,blank,blank,blank,blank,blank,blank,blank,blank,blank,blank
27011,Big Stone,2016,55,78,10.9,69,15.5,-4.6,56,79.4,blank,blank,blank,blank,blank,blank,blank,3.60%,blank,2.40%,blank,blank,blank,blank,blank,blank,0,16.7,5.3,0,16.7,5.3,blank,blank,blank,blank,blank,blank,blank,blank,blank,blank,blank,blank,blank,blank,blank,blank,blank,25.50%,4%,6%,blank,11%,blank,blank,blank,blank,blank,blank,blank,blank,blank,blank,blank,blank,blank,blank,blank,blank,blank,blank,blank,36.30%,14.50%,21.80%,blank,3,5.5,3,5.5,blank,blank,69,1,366.30,642.4,17,NA,blank,blank,blank,blank,blank,blank,blank,blank,blank,blank,blank,blank,blank,blank,blank,blank,blank,blank,blank,blank,12,16,blank,1,2,5,2,1,blank,3,blank,1,2,blank,blank,blank,blank,blank,blank,blank,blank,blank,blank,blank,blank,blank,blank
27011,Big Stone,2017,64,92.2,12.7,79,15.7,-3,70,100.9,3,NA,3,NA,24,37.50%,0,NA,2,NA,1,1,2,1,1,2,NA,NA,NA,NA,NA,NA,60,0,0,1,0,3,9,8,6,10,12,4,21,4,8,31,9,32.80%,NA,NA,48.40%,NA,38,3,3,21,15,22,59.40%,NA,NA,32.80%,NA,34.40%,40,1,23,11,12,62.50%,NA,35.90%,NA,NA,58,6,NA,3,NA,0,NA,79,1571.8,621,12,140.9,0,0,0,0,0,0,0,6,14,59,NA,NA,NA,NA,NA,NA,NA,NA,NA,12,882.10,20,20,blank,5,4,4,3,2,3,0,blank,2,blank,blank,397.9,397.9,blank,NA,NA,NA,NA,NA,NA,NA,NA,blank,blank
27011,Big Stone,2018,70,101.2,14,76,15.2,-1.2,72,104,1,NA,1,NA,32,45.70%,5,NA,0,NA,0,2,2,0,2,2,NA,NA,NA,NA,NA,NA,66,1,0,0,0,3,10,7,8,14,12,7,18,2,4,27,7,NA,NA,NA,38.60%,NA,48,6,2,26,22,14,68.60%,NA,NA,37.10%,31.40%,NA,45,0,25,blank,blank,64.30%,NA,35.70%,blank,blank,66,3,NA,5,NA,1,NA,76,1,523.40,676.8,17,243.4,0,0,0,0,0,1,1,5,17,52,NA,NA,NA,NA,NA,NA,NA,NA,NA,11,353.70,10,26,blank,2,4,8,3,3,1,0,blank,0,blank,blank,NA,521.1,blank,NA,NA,NA,NA,NA,NA,NA,NA,blank,blank
27011,Big Stone,2019,69,100.4,13.8,88,17.6,-3.8,73,106.3,4,NA,0,NA,20,29.00%,0,NA,1,NA,0,3,3,0,3,3,NA,NA,NA,NA,NA,NA,64,1,1,0,0,3,6,8,9,12,16,6,17,3,4,30,6,NA,NA,NA,43.50%,NA,44,2,1,34,13,19,63.80%,NA,NA,49.30%,NA,NA,49,1,19,blank,blank,71.00%,NA,NA,blank,blank,63,3,NA,3,NA,0,NA,88,1,763.20,757.1,23,275.4,0,0,0,0,0,0,1,7,26,54,NA,NA,NA,NA,NA,NA,NA,NA,2,957.90,11,739.10,21,18,blank,6,4,5,2,2,1,0,blank,1,blank,blank,420.8,NA,blank,NA,NA,NA,NA,NA,NA,NA,NA,blank,blank
27011,Big Stone,2020,56,80.1,11.4,79,16,-4.7,59,84.4,2,NA,1,NA,16,NA,4,NA,0,NA,0,0,0,0,0,0,NA,NA,NA,NA,NA,NA,54,0,1,0,0,1,8,11,7,14,11,5,13,1,3,*,7,NA,NA,NA,*,NA,38,3,1,28,11,12,67.90%,NA,NA,50.00%,NA,NA,38,0,18,blank,blank,67.90%,NA,NA,blank,blank,52,4,NA,2,NA,0,NA,79,1,604.70,705.3,22,281.5,0,0,0,0,0,2,0,9,16,52,NA,NA,NA,NA,NA,NA,NA,NA,NA,11,738.10,15,23,5,6,4,4,7,2,blank,blank,blank,blank,1,1,NA,467.2,NA,NA,NA,NA,NA,NA,blank,blank,blank,NA,NA
27013,Blue Earth,2015,742,47.5,11.3,463,7,4.2,884,56.6,134,8.6,blank,blank,blank,blank,blank,6.30%,blank,1.50%,blank,blank,blank,blank,blank,blank,blank,blank,blank,blank,blank,blank,blank,blank,blank,blank,blank,blank,blank,blank,blank,blank,blank,blank,blank,blank,blank,blank,blank,32.70%,blank,13.20%,blank,10.40%,blank,blank,blank,blank,blank,blank,blank,blank,blank,blank,blank,blank,blank,blank,blank,blank,blank,blank,blank,24.9,13,11.9,blank,57,8.9,40,5.6,blank,blank,463,703.8,627.3,168,250.9,blank,blank,blank,blank,blank,blank,blank,blank,blank,blank,blank,blank,blank,blank,blank,blank,blank,blank,blank,blank,88,80,blank,24,21,20,31,13,4,12,12,blank,blank,blank,blank,blank,blank,blank,blank,blank,blank,blank,blank,blank,blank,blank,blank
27013,Blue Earth,2016,747,47.4,11.2,528,7,4.2,854,54.2,101,6.4,blank,blank,blank,blank,blank,4.00%,blank,1.80%,blank,blank,blank,blank,blank,blank,5.3,8,7.1,7.9,15.5,12.9,blank,blank,blank,blank,blank,blank,blank,blank,blank,blank,blank,blank,blank,blank,blank,blank,blank,32.30%,9%,13%,blank,10%,blank,blank,blank,blank,blank,blank,blank,blank,blank,blank,blank,blank,blank,blank,blank,blank,blank,blank,blank,25.60%,14.60%,11.00%,blank,45,6.2,29,4,blank,blank,528,794.7,694.4,199,294.8,blank,blank,blank,blank,blank,blank,blank,blank,blank,blank,blank,blank,blank,blank,blank,blank,blank,blank,blank,blank,111,91,blank,32,19,31,35,15,blank,16,blank,11,6,blank,blank,blank,blank,blank,blank,blank,blank,blank,blank,blank,blank,blank,blank
27013,Blue Earth,2017,692,43.2,10.3,499,7.5,2.9,807,50.4,114,7.1,1,NA,276,39.90%,38,5.50%,3,NA,4,21,25,7,24,31,NA,10.4,8.2,NA,11.9,10.2,571,65,5,22,3,26,33,65,93,79,187,95,235,79,97,318,59,34.00%,11.40%,14.00%,46.00%,8.50%,601,55,26,247,353,0,86.80%,7.90%,3.80%,35.70%,51.00%,NA,477,7,208,126,82,68.90%,NA,30.10%,18.20%,11.80%,664,41,6.20%,27,4.10%,4,NA,499,745.1,665.4,169,237.8,0,0,0,0,2,9,11,73,119,285,NA,NA,NA,NA,NA,NA,NA,687.8,1,846.10,11,111.10,104,105,blank,17,32,34,37,14,14,5,blank,10,blank,blank,155.3,156.8,blank,NA,55.2,47.8,50.8,NA,NA,NA,NA,blank,blank
27013,Blue Earth,2018,734,45.4,10.9,516,7.7,3.2,842,52,101,6.2,7,NA,258,35.10%,46,6.30%,7,NA,3,14,17,5,25,30,NA,NA,NA,NA,12.7,10,612,62,3,25,2,30,31,57,99,121,208,90,228,72,89,308,59,31.10%,9.80%,12.10%,42.00%,8.00%,627,54,31,286,358,0,85.40%,7.40%,4.20%,39.00%,48.80%,NA,524,4,206,blank,blank,71.40%,NA,28.10%,blank,blank,717,43,6.00%,36,5.00%,5,NA,516,765.3,678.9,184,253.3,6,0,0,1,2,15,13,67,138,274,NA,NA,NA,NA,NA,NA,NA,631.3,2,140.90,10,682.30,109,112,blank,25,24,19,39,11,9,11,blank,7,blank,blank,161.7,166.1,blank,37.1,57.8,35.6,NA,NA,NA,NA,NA,blank,blank
27013,Blue Earth,2019,727,45,10.7,491,7.3,3.5,815,50.5,81,5,7,NA,295,40.60%,34,4.70%,12,NA,1,15,16,2,20,22,NA,NA,NA,NA,10.3,7.4,593,75,5,19,0,35,37,68,101,81,203,91,239,74,88,335,62,32.90%,10.20%,12.10%,46.10%,8.50%,617,64,44,270,340,1,84.90%,8.80%,6.10%,37.10%,46.80%,NA,486,4,237,blank,blank,66.90%,NA,32.60%,blank,blank,693,57,8.20%,40,5.80%,7,NA,491,725.8,658.9,181,267.5,5,1,0,0,0,7,27,70,122,259,NA,NA,NA,NA,NA,NA,253.2,671.5,1,750.10,9,751.50,100,96,blank,31,17,23,24,21,10,8,blank,6,blank,blank,147.8,141.9,blank,45.8,35.5,NA,34,31,NA,NA,NA,blank,blank
27013,Blue Earth,2020,701,42.6,10.3,536,7.9,2.4,803,48.8,99,6,3,NA,265,37.80%,49,7.00%,13,NA,3,15,18,6,17,23,NA,NA,NA,NA,NA,7.5,563,72,3,30,0,33,69,95,137,99,204,94,225,90,78,*,62,32.10%,12.80%,11.10%,*,8.80%,571,69,75,303,246,0,81.50%,9.80%,10.70%,43.20%,35.10%,NA,477,13,211,blank,blank,68.00%,NA,30.10%,blank,blank,685,51,7.40%,35,5.10%,6,NA,536,785.5,705.8,189,261.1,1,3,0,0,1,14,23,60,152,282,NA,NA,NA,NA,NA,NA,211,589.3,2,050.70,10,661.60,97,104,27,30,28,20,25,12,blank,blank,blank,blank,7,9,142.1,152.4,39.6,44,36.6,41,29.3,NA,blank,blank,blank,NA,NA
27015,Brown,2015,301,70.7,11.9,269,10.6,1.3,324,76.1,18,blank,blank,blank,blank,blank,blank,5.60%,blank,0.50%,blank,blank,blank,blank,blank,blank,blank,blank,blank,blank,blank,blank,blank,blank,blank,blank,blank,blank,blank,blank,blank,blank,blank,blank,blank,blank,blank,blank,blank,31.90%,blank,12.00%,blank,13.00%,blank,blank,blank,blank,blank,blank,blank,blank,blank,blank,blank,blank,blank,blank,blank,blank,blank,blank,blank,32.2,15.6,16.6,blank,19,6.7,7,2.4,blank,blank,269,1,062.70,600.4,70,212,blank,blank,blank,blank,blank,blank,blank,blank,blank,blank,blank,blank,blank,blank,blank,blank,blank,blank,blank,blank,67,54,blank,6,10,20,11,10,4,1,5,blank,blank,blank,blank,blank,blank,blank,blank,blank,blank,blank,blank,blank,blank,blank,blank
27015,Brown,2016,279,65.3,11,279,10.6,0.4,296,69.3,17,blank,blank,blank,blank,blank,blank,3.90%,blank,0.50%,blank,blank,blank,blank,blank,blank,10.7,21.6,15.3,10.7,24.5,16.5,blank,blank,blank,blank,blank,blank,blank,blank,blank,blank,blank,blank,blank,blank,blank,blank,blank,34.10%,3%,7%,blank,10%,blank,blank,blank,blank,blank,blank,blank,blank,blank,blank,blank,blank,blank,blank,blank,blank,blank,blank,blank,28.70%,13.30%,15.40%,blank,14,5.3,15,5.7,blank,blank,279,1,101.40,595.9,66,186,blank,blank,blank,blank,blank,blank,blank,blank,blank,blank,blank,blank,blank,blank,blank,blank,blank,blank,blank,blank,63,47,blank,11,13,18,7,8,blank,3,blank,6,0,blank,blank,blank,blank,blank,blank,blank,blank,blank,blank,blank,blank,blank,blank
27015,Brown,2017,274,64.5,10.9,302,12,-1.1,287,67.6,13,NA,0,NA,97,35.40%,15,NA,2,NA,3,9,12,3,9,12,NA,NA,NA,NA,NA,NA,251,1,0,3,0,19,8,24,46,44,70,27,90,9,21,127,37,32.80%,NA,7.70%,46.40%,13.50%,240,18,19,171,61,0,87.60%,NA,NA,62.40%,22.30%,NA,182,4,88,46,42,66.40%,NA,32.10%,16.80%,15.30%,262,23,8.80%,12,NA,2,NA,302,1198.7,698.9,80,260.4,2,0,0,1,3,5,10,23,73,185,NA,NA,NA,NA,NA,NA,NA,426,2,109.20,10,601.70,62,55,blank,15,15,21,11,6,4,5,blank,3,blank,blank,246.1,218.3,blank,NA,NA,NA,83.4,NA,NA,NA,NA,blank,blank
27015,Brown,2018,290,67.9,11.5,295,11.7,-0.2,305,71.4,14,NA,1,NA,85,29.30%,12,NA,4,NA,1,10,11,1,10,11,NA,NA,NA,NA,NA,NA,263,3,0,1,0,23,6,32,45,49,86,22,87,9,15,134,24,30.00%,NA,NA,46.20%,8.30%,248,22,25,180,62,1,85.50%,7.60%,8.60%,62.10%,21.40%,NA,191,1,98,blank,blank,65.90%,NA,33.80%,blank,blank,283,13,NA,13,NA,2,NA,295,1,174.80,679.2,93,289.9,3,0,1,0,2,4,7,33,67,178,NA,NA,NA,NA,NA,NA,NA,611.2,1,935.90,10,200.60,62,53,blank,15,15,13,16,13,6,5,blank,5,blank,blank,246.9,211.1,blank,NA,NA,NA,NA,NA,NA,NA,NA,blank,blank
27015,Brown,2019,227,53,9.1,307,12.3,-3.2,248,57.8,17,NA,4,NA,82,36.10%,8,NA,4,NA,0,7,7,1,10,11,NA,NA,NA,NA,NA,NA,203,1,1,2,0,20,4,21,39,33,56,26,70,7,24,96,28,30.80%,NA,10.60%,42.30%,12.30%,196,14,18,142,52,0,86.30%,NA,NA,62.60%,22.90%,NA,161,2,64,blank,blank,70.90%,NA,28.20%,blank,blank,223,19,NA,11,NA,4,NA,307,1,227.60,706.9,82,255.4,2,0,1,1,1,3,10,25,80,184,NA,NA,NA,NA,NA,NA,NA,485.5,2,190.60,10,932.90,75,38,blank,10,10,11,19,9,5,6,blank,7,blank,blank,299.9,152,blank,NA,NA,NA,NA,NA,NA,NA,NA,blank,blank
27015,Brown,2020,260,60.9,10.5,325,13.1,-2.6,276,64.6,15,NA,1,NA,79,30.40%,17,NA,3,NA,3,6,9,3,8,11,NA,NA,NA,NA,NA,NA,233,4,0,1,0,22,15,43,52,34,87,29,79,10,19,*,28,30.40%,NA,NA,*,10.80%,224,13,28,166,52,0,86.20%,NA,10.80%,63.80%,20.00%,NA,156,2,102,blank,blank,60.00%,NA,39.20%,blank,blank,247,14,NA,11,NA,0,NA,325,1,308.10,716.9,95,273.5,0,0,1,0,0,1,9,24,86,204,NA,NA,NA,NA,NA,NA,NA,483.5,2,272.70,12,208.30,70,65,30,5,14,18,12,9,blank,blank,blank,blank,1,2,281.7,261.6,120.7,NA,NA,NA,NA,NA,blank,blank,blank,NA,NA
27017,Carlton,2015,366,63.7,10.3,391,11,-0.7,406,70.7,40,7,blank,blank,blank,blank,blank,4.70%,blank,0.90%,blank,blank,blank,blank,blank,blank,blank,blank,blank,blank,blank,blank,blank,blank,blank,blank,blank,blank,blank,blank,blank,blank,blank,blank,blank,blank,blank,blank,blank,41.00%,blank,12.60%,blank,18.30%,blank,blank,blank,blank,blank,blank,blank,blank,blank,blank,blank,blank,blank,blank,blank,blank,blank,blank,blank,28.9,17.2,11.7,blank,23,7.1,10,2.8,blank,blank,391,1,099.30,855.5,152,340.7,blank,blank,blank,blank,blank,blank,blank,blank,blank,blank,blank,blank,blank,blank,blank,blank,blank,blank,blank,blank,93,82,blank,21,26,18,9,18,8,3,6,blank,blank,blank,blank,blank,blank,blank,blank,blank,blank,blank,blank,blank,blank,blank,blank
27017,Carlton,2016,348,60.5,9.7,381,11,-1.3,387,67.2,36,6.3,blank,blank,blank,blank,blank,3.40%,blank,2.40%,blank,blank,blank,blank,blank,blank,6,47.5,19.3,8,57,23.7,blank,blank,blank,blank,blank,blank,blank,blank,blank,blank,blank,blank,blank,blank,blank,blank,blank,39.20%,4%,11%,blank,15%,blank,blank,blank,blank,blank,blank,blank,blank,blank,blank,blank,blank,blank,blank,blank,blank,blank,blank,blank,23.90%,14.70%,9.20%,blank,24,7.2,15,4.5,blank,blank,381,1,066.10,816.7,137,299.5,blank,blank,blank,blank,blank,blank,blank,blank,blank,blank,blank,blank,blank,blank,blank,blank,blank,blank,blank,blank,84,94,blank,20,20,13,11,12,blank,6,blank,9,9,blank,blank,blank,blank,blank,blank,blank,blank,blank,blank,blank,blank,blank,blank
27017,Carlton,2017,368,64.3,10.4,366,10.3,0.1,409,71.5,38,6.6,3,NA,113,30.70%,15,NA,6,NA,5,16,21,6,18,24,NA,NA,21.5,NA,NA,24.5,315,2,44,0,3,4,8,23,71,54,96,34,146,5,60,179,53,39.70%,NA,16.30%,48.60%,14.40%,319,26,46,202,84,4,86.70%,7.10%,12.50%,54.90%,22.80%,NA,264,7,97,55,42,71.70%,NA,26.40%,14.90%,11.40%,356,24,6.70%,16,NA,1,NA,366,1031,778.1,144,308.7,0,0,0,2,0,10,11,52,105,186,NA,NA,NA,NA,NA,NA,NA,679.3,2,371.80,11,517.00,63,74,blank,18,26,21,7,20,5,8,blank,4,blank,blank,177.5,208.5,blank,NA,NA,73.2,59.2,56.3,NA,NA,NA,blank,blank
27017,Carlton,2018,358,61.4,10,386,10.8,-0.8,390,66.9,29,5,3,NA,136,38.00%,21,5.90%,5,NA,4,14,18,6,16,22,NA,NA,NA,NA,NA,21.8,310,2,39,4,0,3,9,35,55,65,81,34,132,7,30,160,48,36.90%,NA,8.40%,44.70%,13.40%,310,29,20,221,83,2,86.60%,8.10%,5.60%,61.70%,23.20%,NA,258,9,91,blank,blank,72.10%,NA,25.40%,blank,blank,348,25,7.20%,10,NA,2,NA,386,1,077.10,811.6,145,306.5,1,0,0,0,1,8,14,61,100,201,NA,NA,NA,NA,NA,NA,NA,796.9,2,258.90,12,445.80,74,67,blank,29,30,17,16,13,8,4,blank,3,blank,blank,206.5,187,blank,80.9,NA,83.7,NA,NA,NA,NA,NA,blank,blank
27017,Carlton,2019,387,66,10.8,373,10.4,0.4,419,71.4,32,5.5,0,NA,149,38.50%,16,NA,5,NA,2,8,10,3,8,11,NA,NA,NA,NA,NA,NA,332,2,43,3,1,6,14,31,65,58,90,47,132,9,41,170,41,34.10%,NA,10.60%,43.90%,10.60%,345,35,39,219,92,2,89.10%,9.00%,10.10%,56.60%,23.80%,NA,264,11,112,blank,blank,68.20%,NA,28.90%,blank,blank,375,29,7.70%,20,5.30%,6,NA,373,1,039.80,768.3,139,286.9,1,0,1,0,2,7,10,54,99,199,NA,NA,NA,NA,NA,NA,NA,704.8,2,134.50,12,246.20,66,89,blank,19,12,23,20,12,5,4,blank,1,blank,blank,184,248.1,blank,NA,55.8,NA,64.1,NA,NA,NA,NA,blank,blank
27017,Carlton,2020,351,60.5,9.8,428,12,-2.2,385,66.4,33,5.7,1,NA,129,36.80%,20,5.70%,4,NA,2,12,14,3,21,24,NA,NA,NA,NA,62.3,23.2,298,2,43,1,2,5,22,66,69,75,82,34,128,6,36,*,48,36.50%,NA,10.30%,*,13.70%,302,28,55,195,71,0,86.00%,8.00%,15.70%,55.60%,20.20%,NA,257,12,82,blank,blank,73.20%,NA,23.40%,blank,blank,340,21,6.20%,14,NA,2,NA,428,1,196.60,894.7,148,308.1,2,1,0,0,1,7,12,51,127,227,NA,NA,NA,NA,NA,NA,NA,680.5,2,610.50,13,977.80,68,76,41,20,25,21,17,16,blank,blank,blank,blank,6,12,190.1,212.5,114.6,55.9,NA,69.9,58.7,NA,blank,blank,blank,NA,NA
27019,Carver,2015,1213,64.3,12.3,514,5.2,7.1,1307,69.3,87,4.6,blank,blank,blank,blank,blank,4.50%,blank,1.10%,blank,blank,blank,blank,blank,blank,blank,blank,blank,blank,blank,blank,blank,blank,blank,blank,blank,blank,blank,blank,blank,blank,blank,blank,blank,blank,blank,blank,blank,13.80%,blank,3.50%,blank,3.20%,blank,blank,blank,blank,blank,blank,blank,blank,blank,blank,blank,blank,blank,blank,blank,blank,blank,blank,blank,28.4,17.9,10.5,blank,91,8.5,36,3.1,blank,blank,514,520.6,579.2,198,185.1,blank,blank,blank,blank,blank,blank,blank,blank,blank,blank,blank,blank,blank,blank,blank,blank,blank,blank,blank,blank,142,80,blank,23,29,20,15,16,6,13,9,blank,blank,blank,blank,blank,blank,blank,blank,blank,blank,blank,blank,blank,blank,blank,blank
27019,Carver,2016,1180,61.7,11.8,502,5.2,6.6,1278,66.8,91,4.8,blank,blank,blank,blank,blank,3.60%,blank,1.20%,blank,blank,blank,blank,blank,blank,0.8,11.7,4.5,1.4,14.9,6,blank,blank,blank,blank,blank,blank,blank,blank,blank,blank,blank,blank,blank,blank,blank,blank,blank,12.80%,10%,3%,blank,3%,blank,blank,blank,blank,blank,blank,blank,blank,blank,blank,blank,blank,blank,blank,blank,blank,blank,blank,blank,28.20%,17.50%,10.70%,blank,75,6.7,36,3.2,blank,blank,502,500.7,568.2,177,161.9,blank,blank,blank,blank,blank,blank,blank,blank,blank,blank,blank,blank,blank,blank,blank,blank,blank,blank,blank,blank,109,83,blank,33,27,20,15,17,blank,8,blank,6,4,blank,blank,blank,blank,blank,blank,blank,blank,blank,blank,blank,blank,blank,blank
27019,Carver,2017,1170,60.3,11.5,514,5,6.4,1,268,65.3,87,4.5,11,NA,446,38.10%,45,3.80%,11,NA,2,10,12,7,13,20,NA,NA,NA,NA,NA,5.4,990,41,0,67,13,59,26,86,112,103,479,248,185,155,57,263,34,15.80%,13.20%,4.90%,22.50%,2.90%,957,90,117,549,399,2,81.80%,7.70%,10.00%,46.90%,34.10%,NA,832,15,323,218,105,71.10%,NA,27.60%,18.60%,9.00%,1,123,73,6.50%,54,4.80%,7,NA,514,503.3,545.4,189,166,4,0,1,0,2,15,22,66,126,278,NA,NA,NA,NA,NA,NA,99.8,308.3,1,417.60,9,851.20,115,88,blank,29,25,25,30,11,9,17,blank,10,blank,blank,112.6,86.2,blank,28.4,29.4,24.5,24.5,NA,NA,NA,NA,blank,blank
27019,Carver,2018,1148,58.3,11.1,545,5.3,5.8,1,243,63.1,88,4.5,7,NA,410,35.70%,54,4.70%,8,NA,5,9,14,5,20,25,NA,NA,NA,NA,15.9,6.7,1003,41,3,46,3,52,24,71,118,123,454,251,174,117,57,231,32,15.20%,10.20%,5.00%,20.10%,2.80%,906,90,90,536,416,3,78.90%,7.80%,7.80%,46.70%,36.20%,NA,795,17,336,blank,blank,69.30%,NA,29.30%,blank,blank,1,099,91,8.30%,52,4.70%,10,NA,545,526.3,549.4,203,169.4,4,0,1,1,2,8,24,87,139,279,NA,NA,NA,NA,NA,NA,108.9,406.4,1,563.90,9,886.60,135,97,blank,30,20,30,24,16,11,8,blank,10,blank,blank,130.4,93.7,blank,29,23.2,19.3,29,NA,NA,NA,NA,blank,blank
27019,Carver,2019,1162,58.2,11.1,571,5.4,5.6,1,264,63.4,98,4.9,4,NA,411,35.40%,41,3.50%,7,NA,5,15,20,9,18,27,NA,NA,5.3,NA,NA,7.1,1004,40,1,50,5,62,29,59,117,100,500,254,161,133,59,217,22,13.90%,11.40%,5.10%,18.70%,1.90%,979,79,107,559,410,0,84.30%,6.80%,9.20%,48.10%,35.30%,NA,832,10,319,blank,blank,71.60%,NA,27.50%,blank,blank,1,113,55,4.90%,35,3.10%,4,NA,571,543.3,555,209,171.8,4,1,0,0,2,17,22,78,152,295,NA,NA,NA,NA,NA,NA,97.7,354.2,1,494.20,9,587.30,127,87,blank,28,24,26,21,19,7,11,blank,12,blank,blank,120.8,82.8,blank,26.6,20,22.8,24.7,NA,NA,NA,NA,blank,blank
27019,Carver,2020,1073,53.1,10.1,616,5.8,4.3,1,139,56.4,66,3.3,0,NA,385,35.90%,38,3.50%,8,NA,1,10,11,2,16,18,NA,NA,NA,NA,NA,NA,927,33,0,49,1,63,39,106,144,104,465,211,187,121,54,*,30,17.40%,11.30%,5.00%,*,2.80%,901,102,147,545,257,2,84.00%,9.50%,13.70%,50.80%,24.00%,NA,765,12,295,blank,blank,71.30%,NA,27.50%,blank,blank,1,043,57,5.50%,36,3.50%,2,NA,616,578.1,580.5,222,172.1,2,1,0,0,1,11,23,87,169,322,NA,NA,NA,NA,NA,NA,101.1,392.5,1,530.90,10,084.60,138,97,36,40,18,24,17,16,blank,blank,blank,blank,7,9,129.5,91,33.8,37.5,NA,NA,22.5,NA,blank,blank,blank,NA,NA
27021,Cass,2015,339,85,11.8,309,10.8,1,369,92.5,26,6.5,blank,blank,blank,blank,blank,6.80%,blank,2.40%,blank,blank,blank,blank,blank,blank,blank,blank,blank,blank,blank,blank,blank,blank,blank,blank,blank,blank,blank,blank,blank,blank,blank,blank,blank,blank,blank,blank,blank,56.20%,blank,31.90%,blank,28.50%,blank,blank,blank,blank,blank,blank,blank,blank,blank,blank,blank,blank,blank,blank,blank,blank,blank,blank,blank,27.4,12.7,14.7,blank,19,6.2,10,3,blank,blank,309,1,076.40,713.7,155,359.8,blank,blank,blank,blank,blank,blank,blank,blank,blank,blank,blank,blank,blank,blank,blank,blank,blank,blank,blank,blank,79,43,blank,15,20,13,3,9,11,4,6,blank,blank,blank,blank,blank,blank,blank,blank,blank,blank,blank,blank,blank,blank,blank,blank
27021,Cass,2016,318,79.9,11,348,10.8,0.2,341,85.7,21,5.3,blank,blank,blank,blank,blank,8.80%,blank,3.10%,blank,blank,blank,blank,blank,blank,18.4,63.2,33.7,21.1,77.7,40.4,blank,blank,blank,blank,blank,blank,blank,blank,blank,blank,blank,blank,blank,blank,blank,blank,blank,57.00%,2%,31%,blank,32%,blank,blank,blank,blank,blank,blank,blank,blank,blank,blank,blank,blank,blank,blank,blank,blank,blank,blank,blank,29.30%,14.80%,14.50%,blank,37,12.4,22,7.4,blank,blank,348,1,200.30,787.6,168,396,blank,blank,blank,blank,blank,blank,blank,blank,blank,blank,blank,blank,blank,blank,blank,blank,blank,blank,blank,blank,91,62,blank,26,22,16,7,13,blank,9,blank,5,3,blank,blank,blank,blank,blank,blank,blank,blank,blank,blank,blank,blank,blank,blank
27021,Cass,2017,282,69,9.6,338,11.5,-1.9,306,74.9,19,NA,5,NA,92,32.60%,31,11.00%,10,NA,12,13,25,12,15,27,NA,NA,34.2,NA,NA,36.9,179,2,95,0,2,4,8,67,36,37,29,14,162,2,86,216,79,57.40%,NA,30.50%,76.60%,28.00%,206,55,27,130,54,2,73.00%,19.50%,9.60%,46.10%,19.10%,NA,199,5,78,39,39,70.60%,NA,27.70%,13.80%,13.80%,270,30,11.10%,16,NA,4,NA,338,1151.4,690,154,345.3,4,0,0,1,1,9,20,56,103,144,NA,NA,NA,NA,NA,NA,467.3,816.4,1,751.40,9,651.50,67,51,blank,22,23,11,10,10,3,5,blank,0,blank,blank,228.2,173.7,blank,74.9,NA,78.4,NA,NA,NA,NA,NA,blank,blank
27021,Cass,2018,293,71.2,9.9,338,11.5,-1.5,316,76.7,22,5.3,1,NA,87,29.70%,31,10.60%,7,NA,9,9,18,12,10,22,NA,NA,NA,NA,NA,28.9,186,2,97,1,1,6,12,73,39,40,34,7,168,5,88,225,96,57.30%,NA,30.00%,76.80%,32.80%,229,54,37,148,48,3,78.20%,18.40%,12.60%,50.50%,16.40%,NA,197,6,90,blank,blank,67.20%,NA,30.70%,blank,blank,289,16,NA,12,NA,0,NA,338,1,145.00,718.3,172,388.1,0,0,1,3,1,8,17,60,130,118,NA,NA,NA,NA,NA,NA,NA,874.8,2,210.50,7,908.80,87,59,blank,30,21,11,11,14,5,8,blank,2,blank,blank,294.7,199.9,blank,101.6,NA,71.1,NA,NA,NA,NA,NA,blank,blank
27021,Cass,2019,265,64.5,8.9,339,11.4,-2.5,281,68.4,15,NA,1,NA,92,34.70%,24,9.10%,4,NA,7,14,21,7,16,23,NA,NA,27.8,NA,NA,30.4,170,3,87,1,0,4,19,49,42,23,31,15,167,4,86,197,81,63.00%,NA,32.50%,74.30%,30.60%,205,55,41,112,52,4,77.40%,20.80%,15.50%,42.30%,19.60%,NA,175,7,83,blank,blank,66.00%,NA,31.30%,blank,blank,261,25,9.60%,12,NA,2,NA,339,1,138.40,727.6,168,394.5,1,0,0,2,2,5,20,68,114,127,NA,NA,NA,NA,NA,NA,456,997.2,1,820.80,7,810.60,86,53,blank,18,21,14,14,9,7,7,blank,2,blank,blank,288.8,178,blank,NA,NA,70.5,NA,NA,NA,NA,NA,blank,blank
27021,Cass,2020,275,65.3,9.2,380,12.7,-3.5,294,69.8,17,NA,2,NA,86,31.30%,37,13.50%,11,NA,3,10,13,4,11,15,NA,NA,NA,NA,NA,NA,188,2,73,4,1,7,38,70,69,44,40,14,137,4,62,*,73,49.80%,NA,22.50%,*,26.50%,213,49,41,122,58,4,77.50%,17.80%,14.90%,44.40%,21.10%,NA,171,7,97,blank,blank,62.20%,NA,35.30%,blank,blank,262,24,9.20%,13,NA,2,NA,380,1,269.70,824.6,177,433.4,0,0,2,0,4,13,21,63,134,143,NA,NA,NA,NA,NA,NA,476.9,925.7,2,110.20,8,588.60,84,61,24,25,21,6,13,16,blank,blank,blank,blank,11,4,280.7,203.8,80.2,83.5,NA,70.2,NA,NA,blank,blank,blank,NA,NA
